0,0+7,1050
1,林佳奇,347
2,啊卢,239
3,小白,183
4,罗辰光,147
5,王海鑫,142
6,博士,139
7,郭敏锐,119
8,甘霖润之,116
9,江俞晨,95
10,戴俊杰,83
11,海涛,75
12,杨伟,73
13,李家乐,73
14,邱杰,72
15,邱永乐,71
16,whx,70
17,许文强,70
18,伟伟,69
19,张警键,68
20,刘鑫,67
21,吴文涛,67
22,颜超宇,67
23,罗炜,67
24,麦志明,65
25,张佳乐,63
26,苏文治,63
27,罗锦培,63
28,肖书鹏,63
29,周建国,61
30,张子楠,59
31,吴奥,58
32,辛阳煊,57
33,李明洋,54
34,王磊,53
35,紫儿,53
36,兄弟们,51
37,张子昂,51
38,闫驰,50
39,超哥,49
40,杨帆,48
41,刘鹏飞,47
42,王玮杰,47
43,林佳琪,46
44,王鑫,45
45,肖佳驹,45
46,鲁班,45
47,朱凯凯,45
48,刘鹏,45
49,王劲松,45
50,吴建良,44
51,梁宏涛,44
52,贤军,43
53,崔硕明,43
54,刘洋,42
55,王思聪,42
56,特朗普,42
57,请各位,41
58,张辰希,41
59,魏上洪,41
60,欧阳小白,41
61,王浩,40
62,余奕华,40
63,仲强,40
64,曾小琪,39
65,0＋7,38
66,梁伟建,38
67,胡豪周超群刘衡,38
68,龙宇,37
69,高伟智,37
70,张小南,37
71,董意,37
72,苏卓越,37
73,倪李杰,37
74,侯文轩,36
75,王俊杰,36
76,阿姨,36
77,王海鑫要,36
78,李子健,36
79,浙江周洋安,36
80,胡静源,35
81,李盛,35
82,陈文斌,35
83,屏蔽,35
84,曾彪,35
85,徐子超,35
86,王子龙,35
87,曾鹏,35
88,王伟龙,35
89,老六,35
90,梁宏刀,35
91,杨凡,35
92,袁梦,35
93,王博宇,35
94,张建业,35
95,范爽别看了,35
96,范爽,35
97,冉瑞林,35
98,张国华,35
99,xyh,35
100,crp,35
101,蔡润朋,35
102,陈亮,35
103,虞林学,35
104,张立凯,35
105,陈博铭,35
106,魏荣坚,35
107,孙孪鸿,34
108,陈云海,34
109,赵喵喵,34
110,孟淼,34
111,李超,34
112,王海鑫别看了奥,34
113,来来来都把针线活,34
114,兄弟们都多,34
115,王加凯,34
116,李荣斌,34
117,孙青琦,34
118,徐攀将,34
119,侯景元,34
120,柏文彬,34
121,陈康伟,34
122,要了,34
123,张博宇,34
124,王皓宇,34
125,李庆强,34
126,柯某人,34
127,刘阳,33
128,史文杰,33
129,马鹏举,33
130,杨哥,33
131,潘hw,33
132,宋震,33
133,陈星,33
134,ycy,33
135,陈星雨,33
136,李沂骏,33
137,罗湛,33
138,黄文俊,33
139,徐靖一,33
140,王开强,33
141,达哥,33
142,张宇豪,33
143,张曜阳,33
144,张哲浩,33
145,武彦岐,33
146,张磊,33
147,张志伟,33
148,山东张跃,33
149,某桐,33
150,苏宏远,33
151,高仕龙,33
152,胡晓翔,33
153,赵勇斌,33
154,黄鑫,33
155,何钰龙,33
156,唐剑,32
157,伟哥,32
158,王浩中,32
159,杜仕荣,32
160,栋哥,32
161,黄彦齐,32
162,周志登,32
163,徐明超,32
164,泽拉斯,32
165,李晨宇,32
166,强文豪,32
167,任怡飞,32
168,路昇,32
169,李月,32
170,阿峰,32
171,万常乐快,32
172,林海,32
173,周其林,32
174,刘金铭,32
175,戴鑫豪,32
176,鹏飞,32
177,胡奕柯,32
178,严佳同志,32
179,李文峰请,32
180,施涵,32
181,奶哥,32
182,冬天了,32
183,"周正恩,快把的手拿开要",32
184,陈超洋,32
185,王路阳,32
186,黄陈横,32
187,陈子方,32
188,于嘉兴,32
189,周啸宇,32
190,马明德,32
191,楠哥,32
192,老王,31
193,编剧,31
194,袁志励,31
195,于涛,31
196,于涛别看了,31
197,朱一号,31
198,金俊,31
199,鱼王,31
200,李坡,31
201,少卿,31
202,赵雄,31
203,龚桂龙,31
204,玛誉,31
205,朱犇,31
206,孟令卿把手,31
207,林哥知道在看,31
208,蒋老师,31
209,曦哥,31
210,林俊全,31
211,钱龙辉,31
212,老徐,30
213,发这些,30
214,杨承昱,30
215,水银,30
216,陈超,30
217,张建飞,30
218,快我自己,30
219,冯子扬,30
220,梁梓奥,30
221,徐向天,30
222,别看了王超,30
223,王浩宇,29
224,沈凌锋,29
225,顾浩天,29
226,谭超杰,29
227,渊博,29
228,刘愷,29
229,李想,29
230,刘鸿儒,29
231,老赵,28
232,潘兴鑫,28
233,佘艾东,28
234,温州薛晨曦,28
235,陈晨阳,28
236,郭志豪,28
237,章思沛,27
238,于满,27
239,毛伟毅,27
240,赵志斌,27
241,李子昂,27
242,王文杰,27
243,吕龙飞,26
244,李国栋,26
245,罗传浩,26
246,蔡洋,26
247,吴亨宙,26
248,陈亦涵,26
249,夏路彬,26
250,王黎明,26
251,钱宽,26
252,李强,26
253,陈广,25
254,马总,25
255,许春,25
256,潘浩同学,25
257,胡潇翔,25
258,宋楠,25
259,董家乐,25
260,刘丁源,25
261,李宇,24
262,乌龟,24
263,欧阳琪,24
264,谭俊,24
265,小毕,24
266,龙哥,23
267,沈超航,23
268,金晨辉,23
269,杨智卓,23
270,金柯柯,23
271,徐升,23
272,彬哥,23
273,阚文斌,23
274,王耀,23
275,何稞,23
276,汪鑫,23
277,周淼森,23
278,讲涛,23
279,"我就知道会点p2,黄俊奕",23
280,林佳琦,23
281,王健虎,23
282,徐骏飞,23
283,lzx,23
284,刘浩然,22
285,朱金辉,22
286,蔡岩松,22
287,漆新宇,22
288,吴仁杰,22
289,cwh,22
290,王孟宸,22
291,李亚鑫,22
292,郝儿,22
293,陈障隆,21
294,张恒瑞,21
295,潘彦丞,21
296,汪旭东,21
297,陈豪,21
298,张海洋,21
299,狮子,21
300,岳西余志强,21
301,靖威,21
302,沈晶晶,21
303,韩虎跃,21
304,王哲,20
305,我要,20
306,邵文航,20
307,四娘,20
308,柏云翔,20
309,孙x琪快,20
310,李金宝,20
311,周维轩,20
312,谢佳睦,20
313,诸葛翔宇,20
314,海晓龙,20
315,唐鑫,20
316,杨琪琪,20
317,朱哲明,20
318,蔡徐坤,19
319,陈龙,19
320,陈鑫,19
321,徐刚,19
322,马骁,19
323,赵梓旭,19
324,赵金,19
325,夏海洋,19
326,王立恒,19
327,申中涛,19
328,周瑜凡,19
329,姚心童,19
330,季狗,19
331,唐燚李勇,19
332,陈长,19
333,吕明伟,19
334,郑有为,19
335,孙明露,19
336,张伟,18
337,陆勇,18
338,刘敏斌,18
339,续航,18
340,陈飞,18
341,黄凯,18
342,黄杰,18
343,谭超,18
344,6657,18
345,安清风,18
346,上海陈子安,18
347,杨翝,17
348,邵旭,17
349,闫凯,17
350,李鑫,17
351,侯博涵,17
352,老魏头,17
353,刘晨,17
354,黄加皓,17
355,李俊杰,17
356,李子杰,17
357,张宇航,17
358,黄卓,17
359,刘宇轩,17
360,徐斌,17
361,春哥,17
362,周宣宇,17
363,张翼飞,17
364,孙高远,17
365,王文彬,17
366,郭明涛,17
367,杨坤,17
368,张发亮,17
369,许力文,17
370,王贤睿,17
371,于翰文,17
372,后面的小伙子,17
373,徐卓凡,17
374,胡倘源,17
375,龙龙,17
376,陈汉达,17
377,孙杨,17
378,柳圣杰,17
379,陈旭,17
380,宋恭衡,17
381,刘子豪,17
382,我以后也要,17
383,夯昆茓,17
384,狗哥,16
385,王森伟,16
386,李亮,16
387,杨文智,16
388,杨文杰,16
389,陈家威,16
390,翔哥,16
391,王千淼,16
392,天铭也,16
393,老温磊,16
394,0+7我知道在看,16
395,叶嘉龙,16
396,郝子杰,16
397,肖博文,16
398,媳妇,16
399,刘安康,15
400,李涛,15
401,农崇庆,15
402,辛陆航,15
403,屈秉聪,15
404,吴柳建,15
405,安钊,15
406,吴煜,15
407,周豪,15
408,吴铮,15
409,阿蛇,15
410,徐首业,15
411,刘木初,15
412,蒋浩峰,15
413,林邓,15
414,王sq,15
415,左思,15
416,薛芸鹏,15
417,杨俊杰,15
418,张晨阳,15
419,钟山,15
420,业兴,15
421,何康,15
422,张润泽,15
423,蓝天,15
424,王振翱,15
425,王本金,15
426,张金杰,15
427,闫诗博,15
428,张尔杰,15
429,江鹏,15
430,赵龙杰,15
431,齐梓郁,15
432,Chris,15
433,周文涛,15
434,胡家富,15
435,杜衍坤,15
436,邓旭明,15
437,王彬,15
438,韩好迪,15
439,李帅,14
440,程伟,14
441,猴！,14
442,王志豪,14
443,张佳雨,14
444,赖铭海,14
445,炜多,14
446,祜祜,14
447,丁贵麒,14
448,刘金雨,14
449,杨某,14
450,陈传森,14
451,却天石,14
452,马远超,14
453,林总,13
454,猴子,13
455,吃素的狮子,13
456,张明宇,13
457,李响,13
458,徐展坤,13
459,刘浩轩,13
460,卢本伟,13
461,李虎,13
462,林伟权,13
463,孔昊天,13
464,卢贤亮,13
465,孙鑫,13
466,张义义,13
467,烂仔,13
468,李华东,13
469,陈东晗,13
470,曹戌力要,13
471,陶怡武,13
472,邓天有,13
473,黄金城,13
474,老黄,13
475,马天祎,13
476,姚海滨,13
477,爸爸会,13
478,侯泽凯,13
479,龚惠伟,13
480,宫闯,13
481,华哥,13
482,乐志文,13
483,徐执航,13
484,陈璇,13
485,罗笛,13
486,刘安刘安康,13
487,广寒,13
488,杨然,13
489,zwk,13
490,李嘉俊,13
491,李家俊,13
492,八哥,13
493,何嗣昆,13
494,刘德广,13
495,武少敏,13
496,洪琨鸿,12
497,林家琪,12
498,王力,12
499,戚甲旭,12
500,小明,12
501,洪金宝,12
502,孙一峰,12
503,王旭,12
504,张涛,12
505,张立轩,12
506,王子奇,12
507,印子萱,12
508,王境泽,12
509,苟旭东,12
510,李琅,12
511,张世轩,12
512,朱老板,12
513,刘,12
514,成人,12
515,李汶轩,12
516,李振,11
517,汪启航,11
518,狗比李恒,11
519,佳琪,11
520,陈文嘉,11
521,佳哥,11
522,高方霖,11
523,许昊,11
524,刘怀林刘怀林刘怀林刘怀林刘怀林刘怀林刘怀林刘怀林刘怀林,11
525,陈杰,11
526,刘伯雪,11
527,在座的各位,11
528,彭奕琨,11
529,魏州,11
530,张丛欣,11
531,邓明康,11
532,党则委,11
533,徐超羿,11
534,杰森,11
535,徐家豪,11
536,李中阳,11
537,家giao,11
538,张晓凯,11
539,马浩原,11
540,侯久盛,11
541,王心龙,11
542,张爽,11
543,赵雨阳要,11
544,徐琛,11
545,周源杰,11
546,郝仁,11
547,吴成儒,11
548,龚浩,11
549,宋坤,11
550,张威扬刘闻祥陈策全,11
551,常恒ma猪,11
552,354李博森,11
553,邢子豪,11
554,fair,11
555,小白开箱,11
556,曾江敏,11
557,汤圆,11
558,王泽锦,11
559,陈俊鹏,11
560,黄德森,11
561,李季鸿,11
562,田子顺,11
563,螺旋,11
564,从陆毅,11
565,杰哥,11
566,李文杰要,11
567,黎健锋,11
568,王涛,11
569,黄小龙,11
570,syp,11
571,香芋饭,11
572,孙志鸿,11
573,吴欢,11
574,涛哥,11
575,冯坦,11
576,樊炀,11
577,陈国兴,11
578,陈忆枫,11
579,二娃,11
580,顾协澄,11
581,刘鹏凯,11
582,张昇,11
583,陈家庆,11
584,SHA,11
585,宣柘龙,11
586,xiexinke,11
587,孙越,11
588,胡剑雄,11
589,孙登泽,11
590,白嘉翔,11
591,白家翔,11
592,郑贵强,11
593,陈泳全,11
594,米浩楠,11
595,六一班全体同学,11
596,六一班的全体同学,11
597,杨子涵,11
598,彭雨欣,11
599,张泽国,11
600,王云涛,11
601,李亮亮,11
602,猪学龙,11
603,柴渊哲,11
604,杜嘉诚,11
605,陈金金,11
606,顾轩,11
607,脏蛮子们,11
608,刘磊,11
609,罗培鑫,11
610,丁闻,11
611,潘浩,11
612,黄志康,11
613,赵逸夫,11
614,沈德润,11
615,杨鹏达,11
616,叶昊,11
617,林嘉琪,10
618,赵凯,10
619,刘毅,10
620,周新宇,10
621,罗周别看来,10
622,韩松廷,10
623,恭佳文,10
624,吴景熙别看了,10
625,吴景熙,10
626,梁擎伟,10
627,张坤,10
628,陈瑞麟,10
629,尹富泽,10
630,王柯文,10
631,易柏成,10
632,胡衍文,10
633,秦光宇,10
634,黄义棚,10
635,唐敏,10
636,613宿舍的唐敏,10
637,潘伟杰,10
638,孙方阳,10
639,贺廷伟,10
640,周林洪,10
641,范兴,10
642,刘虫涛,10
643,崔博夕,10
644,雷文别再看了！,10
645,周达,10
646,马玉熙,10
647,张哲轩,10
648,李留洋,10
649,那谁谁谁,10
650,汤曙健,10
651,兰州王明东,10
652,董武江,10
653,屠文豪,10
654,黄桑,10
655,弹幕,10
656,王贱明,10
657,姚涛涛,10
658,殷文力,10
659,高雷,10
660,赵利欣,10
661,小妮,10
662,bl,10
663,姜艺嘉,10
664,谢宗平,10
665,张凯强,10
666,胡博,10
667,曲俊宏,10
668,曹明炜,10
669,林洪宇徐一城任超然,10
670,老三,10
671,杨子威,10
672,谭月建,10
673,杜建,10
674,别看了严帅,10
675,富爷不要看啦,10
676,鸿钧,10
677,梁绍杰,10
678,刘雄开,10
679,徐文浩,10
680,谢立,10
681,何廷宇,10
682,周宗宇,10
683,任世行,10
684,罗瑞杰,10
685,付豪,10
686,脏洋涛,10
687,林明明,10
688,张舒涵,10
689,张炳瞳,10
690,谢琦蔚,10
691,宽哥,10
692,徐茂森,10
693,陈越,10
694,黄博浩,10
695,周永刚,10
696,孙煜翔,10
697,汪旭东汪旭东汪旭东汪旭东汪旭东汪旭东汪旭东汪旭东汪旭东,10
698,王毓唯,10
699,徐业超,10
700,吴彦祖,10
701,张政贤,10
702,王浩瑞,10
703,永康,10
704,刘志宾,10
705,郭佳伟,10
706,牛牛不要,10
707,王宇,10
708,赵思扬,10
709,苏润涵,10
710,欧阳海,10
711,罗志勇,10
712,陈振阳,10
713,张家榕同学,10
714,毛新,10
715,陈福林,10
716,薛浩辰,10
717,李好,10
718,胡鑫庆,10
719,刘天航要,10
720,刘艺政,10
721,陈铁,10
722,刘星宇,10
723,麦铭洋,10
724,杨鑫,10
725,金人人,10
726,金仁仁,10
727,林家奇,9
728,陈磊,9
729,cxk,9
730,我,9
731,姚佳益,9
732,方泽帆,9
733,张艺凡,9
734,钟宸,9
735,尹思源,9
736,王鑫虎,9
737,谭政铎,9
738,李盛鹏,9
739,批小将,9
740,于澈,9
741,自游,9
742,宋科鲜,9
743,周鑫明,9
744,赵厚帅,9
745,张奥,9
746,徐文洋,9
747,蠡县李建国老师,9
748,周涛,9
749,谌国煜,9
750,石一坨,9
751,吴钟琪,9
752,叶家升,9
753,郑鑫业,9
754,顾美婷,9
755,闫玮胜,9
756,达旦,9
757,张家宝,9
758,谷裕,9
759,余明航,9
760,张良,9
761,王坤,9
762,黄诺,9
763,潘焘,9
764,黄春龙,9
765,孙佳伟,9
766,zsh别看了,9
767,zsh,9
768,季铭铭,9
769,小强,9
770,西西,9
771,周石龙,9
772,董航飞,9
773,黄金雨,9
774,赵岩,9
775,庞博,9
776,胡阳张岭,9
777,王忠,9
778,工具人,9
779,王pb,9
780,李书为,9
781,刘章威,9
782,潘书豪,9
783,王强强,9
784,李明旺别看了,9
785,李明旺,9
786,柴康盛,9
787,张鹏辉,9
788,张羿,9
789,沈怡杰,9
790,胡俊康,9
791,李知芝,9
792,陈禹,9
793,罗诗瀚,9
794,余浩文,9
795,张嘉浩,9
796,黄元毓,9
797,甄凤元,9
798,刘恒要,9
799,zdy,9
800,陈明睿,9
801,李卓霏,9
802,吴志勇,9
803,曾磊要,9
804,仇洋,9
805,刘眀童,9
806,刘金阳,9
807,魏然,9
808,李志勇,9
809,王俊,9
810,非凡,9
811,海东,9
812,蒋沛业,9
813,撒桑,9
814,蒋光祥,9
815,牛鞭克,9
816,王天宇,9
817,刘欢,9
818,蒋林君,9
819,周俊耀,9
820,张家荣,9
821,卢振宇,9
822,梁迪思,9
823,摄影师,9
824,秦腾飞,9
825,李伟国要,9
826,施雯,9
827,谢鹏,9
828,徐宇航,9
829,夏瑶,9
830,秦俊超,9
831,陈博文,9
832,郑思远,9
833,贺昭,9
834,翟忠浩,9
835,贺龙超,9
836,何虹萱,9
837,张的知,9
838,吕孝天,9
839,王珏,9
840,刘宪,9
841,邓禾,9
842,孙昊,9
843,李思涵,9
844,江中宝,9
845,鑫鑫,9
846,陈克伦,9
847,章葛煜,9
848,cqd,9
849,史友志,9
850,张艺德,9
851,王梓辰,9
852,卢飞扬,9
853,麻雨诺要,9
854,刘豪,9
855,孙照福,9
856,贾超,9
857,郑清华,9
858,张二丹,9
859,夏旭,9
860,张海瑞,9
861,赵彪,9
862,猪哥,9
863,赵俊杰,9
864,马一鸣,9
865,HL,9
866,邬高远,9
867,谭宇洲,9
868,李科翔,9
869,谢旭辉,9
870,王一博,9
871,李振栋,9
872,刘博闻,9
873,左凯旋,9
874,袁新宇,9
875,乔文博,9
876,赵子韬,9
877,晓睿,9
878,龚诚,9
879,李云鹏,9
880,石国伟,9
881,姓邬的朋友,9
882,薛燕生,9
883,李巨擘,9
884,钦雨晨,9
885,马星驰,9
886,汪国栋,9
887,张博龙,9
888,白旭,9
889,张家堡要,9
890,章嗣棟,9
891,彦超要,9
892,沈家骐,9
893,尧宝,9
894,周楠,9
895,欧耀,9
896,陈佳玉,9
897,李伟建,9
898,华冰,9
899,张贺兲,9
900,解家奇,9
901,张璐铠,9
902,江南,9
903,谢世纪,9
904,黄杰峰,9
905,徐夜龙,9
906,健雄要,9
907,万宇晨,9
908,彭晓文,9
909,房晓宇,9
910,吴逸群,9
911,马天才,9
912,李喜智,9
913,浩然,9
914,温浩龙,9
915,李航,9
916,张华,9
917,何梓昊,9
918,林嘉豪,9
919,杨方昇,9
920,刘总,9
921,汪一平,9
922,王晓点,9
923,赵玮,9
924,钟宇轩,9
925,张庆然,9
926,路程,9
927,韦嘉睿,9
928,周彭贤俊,9
929,子凡,9
930,陶智强,9
931,秦文兵,9
932,郑林尹斌,9
933,富民,9
934,oioi,9
935,小熊猫,9
936,墨菲,9
937,陈泽华,9
938,芦廷润,9
939,范明豪,9
940,周航,9
941,曾祥鹏,9
942,甘乐潼,9
943,阚鹏飞要,9
944,梁萧,9
945,倪晨宇,9
946,王苏杰,9
947,李坤,9
948,李朝,9
949,周晋文,9
950,齐禹枫,9
951,qyf,9
952,刘保舟,9
953,为什么要说,9
954,刘翔宇,9
955,王志远,9
956,薛睿昕,9
957,夏磊,9
958,焦义胜,9
959,刘学仕,9
960,袁语阳,9
961,唐元哲,9
962,骆逸冰,9
963,司旭帅,9
964,王正远,9
965,郝文朝,9
966,于新,9
967,毛兰,9
968,赵志鹏,9
969,曹越,9
970,#屏蔽,9
971,伍玉恒,9
972,李星泽,9
973,赵梦楠,9
974,好迪,9
975,泡泡,9
976,韩路阳,9
977,陈友贵,9
978,徐wt,9
979,史雄,9
980,王乐阳,9
981,周国森,9
982,毛伟杰也要,9
983,吴嘉伟,9
984,王嘉恩,9
985,李坚,9
986,王小凡,9
987,廖威也要,9
988,郭焘,9
989,酸菜,9
990,李萍,9
991,王翰林,9
992,屏蔽“,9
993,徐麟傑,9
994,谭杰,9
995,冯鑫,9
996,李嘉豪,9
997,王中平,9
998,牟铭睿,9
999,柯文,9
1000,杨才圣,9
1001,廖倩媛要,9
1002,黄进谋,9
1003,李思楠,9
1004,邓某,9
1005,陆九阳,9
1006,郭宇超,9
1007,鹏鹏要,9
1008,郜文胜,9
1009,杨思思,9
1010,洪家琪,9
1011,周建宋,9
1012,王宇森,9
1013,王平,9
1014,上海庞翔,9
1015,杨宇轩,9
1016,黄正龙,8
1017,周自强,8
1018,夏永琪,8
1019,高乔,8
1020,万锦桦,8
1021,别看了,8
1022,李广洋,8
1023,冷晓,8
1024,老婆,8
1025,李炜城,8
1026,马俞辉徐增阳,8
1027,郑宗耀,8
1028,赵世博,8
1029,童旭,8
1030,吴炯发,8
1031,叶子健,8
1032,韦成添,8
1033,董福财,8
1034,张贵荣,8
1035,徐正贤,8
1036,冯志伟,8
1037,禺哲,8
1038,邱明涛,8
1039,张子忱,8
1040,丁聪,8
1041,贺远远,8
1042,关某,8
1043,杨国泰,8
1044,向自成,8
1045,吴佩成,8
1046,琪琪别看了,8
1047,琪琪,8
1048,陈韶涵,8
1049,陈一帆,8
1050,张港,8
1051,闫瑞翔,8
1052,陈乾,8
1053,唐胤,8
1054,周亮,8
1055,几名开,8
1056,杨肖肖,8
1057,王某人,8
1058,周灿,8
1059,王义杰,8
1060,胡歌,8
1061,邓扬扬,8
1062,张一浩,8
1063,段狗,8
1064,潘科弟,8
1065,姜绍文,8
1066,薛明耀,8
1067,张欣诺,8
1068,张译文,8
1069,张硕,8
1070,候季,8
1071,马明轩,8
1072,李棋,8
1073,陈德玺,8
1074,韦国拼,8
1075,林鑫,8
1076,郑云杰,8
1077,万新宇,8
1078,季麟,8
1079,姜宇驰,8
1080,郑传兴,8
1081,刘自豪,8
1082,于鹏,8
1083,李建志,8
1084,王嘉宇,8
1085,郭世达达哥,8
1086,戴燕飞,8
1087,林杰腾,8
1088,王子杰,8
1089,王阳,8
1090,徐皓戎,8
1091,梁宇谦,8
1092,农龙,8
1093,点子哥,8
1094,徐展威,8
1095,郝帅,8
1096,杨博天,8
1097,翟硕,8
1098,刘文,8
1099,湖畔,8
1100,王仲平,8
1101,ljy,8
1102,戴默涵李正浩,8
1103,张耀阳,8
1104,李肌腱,8
1105,李孟豪,8
1106,赵家祥,8
1107,高楠,8
1108,马明纬,8
1109,贺熹,8
1110,武睿卿,8
1111,石佳阔,8
1112,刘龙,8
1113,黄辰轩,8
1114,汪汪哥,8
1115,河老师,8
1116,阿棒哥,8
1117,然哥,8
1118,汪涵,8
1119,曹永昱,8
1120,杨午,8
1121,毛泽成,8
1122,许国志,8
1123,刘旭,8
1124,冯思因要,8
1125,范子琦,8
1126,李福,8
1127,WYN要,8
1128,ts,8
1129,刘乔飞,8
1130,殷文钊,8
1131,许永锋,8
1132,冯浩泽,8
1133,李哲昊,8
1134,司机,8
1135,路鑫,8
1136,邹苏豫,8
1137,杨茂,8
1138,熊阔海,8
1139,吴煜鹏,8
1140,云卿,8
1141,van扎鹏,8
1142,van様,8
1143,van样,8
1144,陈科延,8
1145,冯海鹏,8
1146,陶炳东,8
1147,肖宇彬,8
1148,雕,8
1149,李志航,8
1150,王穗芳,8
1151,秦朝伟,8
1152,刁天乐,8
1153,张晨,8
1154,吉米,8
1155,晁政,8
1156,陈卓,8
1157,刘嘉辰,8
1158,高荣子,8
1159,邵启哲,8
1160,卢明蹬,8
1161,孙极,8
1162,陈越鹰,8
1163,范振新,8
1164,饶文敏,8
1165,三金,8
1166,张智航,8
1167,xzf,8
1168,王喜庆,8
1169,王冕,8
1170,陈建松,8
1171,周琪红,8
1172,周志华,8
1173,张博,8
1174,杨泽平,8
1175,施德峰,8
1176,张建明,8
1177,马家乐,8
1178,魏子邦,8
1179,郑顺元,8
1180,zyy,8
1181,陈子豪,8
1182,王德洋,8
1183,金浩,8
1184,牛彤,8
1185,颜剑飞,8
1186,肖志北,8
1187,许愿,8
1188,李新宇,8
1189,高山,8
1190,张毅,8
1191,张政,8
1192,赵智刚,8
1193,周天祥,8
1194,周杰,8
1195,梁董,8
1196,张同学,8
1197,吕方,8
1198,安博士,8
1199,胡俊,8
1200,谢爽,8
1201,陶浚哲,8
1202,陈纲强,8
1203,李书宇,8
1204,黄定权,8
1205,董志豪,8
1206,林老板,8
1207,王俊文,8
1208,刘志,8
1209,机器猫,8
1210,哇哦,8
1211,刘厚伟,8
1212,许昊龙,8
1213,郑钦远,8
1214,范志瑶,8
1215,贝塔,8
1216,王煜,8
1217,高斌,8
1218,谢宇,8
1219,张经纬,8
1220,孙浩然,8
1221,张禹浩,8
1222,孙奕珂,8
1223,严宇直,8
1224,王志坚,8
1225,秦兴,8
1226,张远清,8
1227,喻丰,8
1228,蒋敖,8
1229,韩骜,8
1230,董国岁,8
1231,李同学,8
1232,唐杰,8
1233,张脖子,8
1234,一粒涛,8
1235,田瑞,8
1236,益达,8
1237,陈明亮,8
1238,怎么都是女生,8
1239,相皓,8
1240,张贵强,8
1241,杨恒张,8
1242,焦乐展,8
1243,翟书艺,8
1244,张熠,8
1245,啊征,8
1246,我得,8
1247,凌晨,8
1248,翟露露,8
1249,争争,8
1250,何勋溢,8
1251,石涂烨,8
1252,刘淇,8
1253,广今天也要,8
1254,王树干,8
1255,黄娜娜,8
1256,肖绪阳,8
1257,周镭,8
1258,qcc,8
1259,唐宏文,8
1260,韦佩东,8
1261,王凯昂,8
1262,王浩然,8
1263,蔡丁文,8
1264,灭霸,8
1265,李希伟,8
1266,陈泳祺,8
1267,徐肃,8
1268,张家迎,8
1269,许嘉辉,8
1270,刘全丰,8
1271,薛佩谦,8
1272,柳宝康,8
1273,老铁们,8
1274,金九庆,8
1275,喜宝,8
1276,温明昊,8
1277,刘宇航也要,8
1278,吴宇翔,8
1279,高飞,8
1280,岳淳丞,8
1281,邹日天,8
1282,王行宇,8
1283,唐璇,8
1284,王海宁,8
1285,李光宇要,8
1286,方六合,8
1287,泰罗奥特曼,8
1288,李兴旺,8
1289,罗立龙,8
1290,蒋登旭,8
1291,杨梦筱,8
1292,朱广恒,8
1293,咚咚,8
1294,老朱,8
1295,柳兆祥,8
1296,陈晓康,8
1297,王潇弸,8
1298,王世玉,8
1299,庞渝,8
1300,曹亚林,8
1301,陈强强,8
1302,廖维志,8
1303,林杰,8
1304,刘传奇,8
1305,毛弟,8
1306,张毅航,8
1307,赵文晖,8
1308,舒昶杰,8
1309,李卓啊李卓,8
1310,李卓,8
1311,赵敏,8
1312,bhy,8
1313,吕哥,8
1314,l铭x,8
1315,郭天浩,8
1316,邹欣宇,8
1317,杨正杰,8
1318,杨纪程,8
1319,潘永立,8
1320,刘锦斌,8
1321,龚平,8
1322,皮灯,8
1323,陈雨欣,8
1324,张兴宇,8
1325,旺旺,8
1326,郭鸿博,8
1327,王言浩,8
1328,朱哲堃,8
1329,刘子睿,8
1330,飞飞快,8
1331,李殷琪,8
1332,陈清水,8
1333,啊超,8
1334,侯栋舰,8
1335,fyx,8
1336,马步臻,8
1337,倪文宇,8
1338,王博,8
1339,何锦程,8
1340,姜晨,8
1341,张颖智,7
1342,张鑫,7
1343,陈芊羽,7
1344,请,7
1345,沈翼扬,7
1346,欧阳,7
1347,申亚亚,7
1348,武鹏,7
1349,丁景天,7
1350,金宝,7
1351,郭超群,7
1352,曾湘,7
1353,杨嘉伟,7
1354,郭立刚,7
1355,高志伟,7
1356,志煌,7
1357,赵长庆,7
1358,洪钧,7
1359,劝君,7
1360,张建昊,7
1361,强子哥,7
1362,小渣,7
1363,易涵涛,7
1364,薛全胜,7
1365,赵浩博,7
1366,徐翔常久杨志豪。,7
1367,朱籽羊,7
1368,冯鑫元,7
1369,杨国威,7
1370,赵元琪,7
1371,徐天祥,7
1372,宋雨晨,7
1373,何颖,7
1374,郭嘉丽,7
1375,秃头,7
1376,张鈜,7
1377,王依雷,7
1378,步云鹏,7
1379,朱兴可,7
1380,桥哥别看了,7
1381,桥哥,7
1382,涂思睿,7
1383,侯文康,7
1384,孟柯江南,7
1385,刘志杰,7
1386,彭达奇,7
1387,邵翊轩别看了,7
1388,邵翊轩,7
1389,张雪生,7
1390,杨君亮！！,7
1391,卫玉桥,7
1392,尹路,7
1393,邓哲文,7
1394,文建,7
1395,张志威,7
1396,许勤健,7
1397,张宇,7
1398,黄家乐,7
1399,帮勇,7
1400,张巧铃,7
1401,刘瀚文,7
1402,徐嘉辰,7
1403,张超,7
1404,肖志在,7
1405,姜傲宇,7
1406,龙飞,7
1407,建峰,7
1408,张渊,7
1409,柴同宇,7
1410,陈柏行,7
1411,保银鹏周李通李伟凡,7
1412,廖有智,7
1413,班主任,7
1414,黄小圆,7
1415,王杰龙,7
1416,谢道雨,7
1417,张琼张琼,7
1418,白君,7
1419,文思鹏,7
1420,何然,7
1421,刘克勇,7
1422,闫海港,7
1423,阿说石蜡徐明详别看了,7
1424,阿说石蜡徐明详,7
1425,王泽清,7
1426,张宜驰,7
1427,嫖哥,7
1428,黄sir,7
1429,潘建国,7
1430,许子建,7
1431,朱民见,7
1432,孙招贤要,7
1433,李浒,7
1434,张伟伟,7
1435,靖阳,7
1436,范晔涛,7
1437,唐一瑞,7
1438,刘琪,7
1439,李昌鑫,7
1440,夏云飞,7
1441,龚胡浩佳,7
1442,黄朗,7
1443,刘永林,7
1444,伍盺翔,7
1445,李朝阳,7
1446,艾文正,7
1447,胡鹏,7
1448,陈炯,7
1449,田志仁,7
1450,翟丙磊,7
1451,梁伟键,7
1452,李爽,7
1453,黎锦青,7
1454,林春放,7
1455,各位,7
1456,滑旭,7
1457,刘政,7
1458,李佳炜,7
1459,徐哥,7
1460,丁嘉伟快,7
1461,孔建鑫,7
1462,猪扒肾,7
1463,张伟张杰李涛,7
1464,王斯捷,7
1465,乔万尼,7
1466,李胜华,7
1467,奈子,7
1468,罗煊棣,7
1469,宋煜,7
1470,李定嘉,7
1471,夏天,7
1472,张洵,7
1473,阿豪,7
1474,周嘉麒,7
1475,彭翀,7
1476,荣欧翔,7
1477,吴愉森,7
1478,王放,7
1479,施润,7
1480,彦希,7
1481,王若涵,7
1482,王亮,7
1483,琦琦,7
1484,Wtq,7
1485,张国瑞,7
1486,隋震宇,7
1487,段景海,7
1488,余旺,7
1489,菜苗,7
1490,吴敏哲,7
1491,pbf,7
1492,杨明聪梁立湘,7
1493,李交锋,7
1494,白云龙,7
1495,黄赵晨,7
1496,沈海涛,7
1497,啊蛇,7
1498,贾国旗,7
1499,李洋,7
1500,刘子晨,7
1501,陈家鸿,7
1502,娄浩然,7
1503,张冰杰,7
1504,万世豪要,7
1505,林晨演,7
1506,王新宇,7
1507,张纪元,7
1508,自己,7
1509,杨建,7
1510,黎本伟,7
1511,张剑熊,7
1512,李宙放下手里的针线活,7
1513,李宙,7
1514,罗贵昶,7
1515,詹远杰,7
1516,何一平,7
1517,龙景伟,7
1518,尹鹏伟,7
1519,常家兴,7
1520,毛亦恒,7
1521,少平,7
1522,王一行,7
1523,匹夫要,7
1524,刘强,7
1525,杨朝阳,7
1526,程学昊,7
1527,沈师的黄浩宇,7
1528,戴镇远,7
1529,前辈,7
1530,昊鹏要,7
1531,郑加荣,7
1532,吴兴阳,7
1533,郭胜杰,7
1534,朱泽园,7
1535,wjy,7
1536,刘灏嘉,7
1537,慕容暴龙,7
1538,鲁作黎,7
1539,王超,7
1540,李心春,7
1541,王天樂,7
1542,朱先瑜,7
1543,崔灿一,7
1544,季子昂,7
1545,王铎,7
1546,梁泽楷,7
1547,石浩东,7
1548,王孙全,7
1549,陈鑫宇,7
1550,泽华,7
1551,施晨磊,7
1552,丁科铭,7
1553,王sq同学,7
1554,刘李杰,7
1555,刘家铭,7
1556,王亦琛,7
1557,聂淇,7
1558,周泳岐,7
1559,郭嘉,7
1560,王家辉,7
1561,吕杰杰,7
1562,罗顺龙,7
1563,b哥,7
1564,袁瑞,7
1565,李诚,7
1566,邵志航,7
1567,杜康,7
1568,何孟,7
1569,twb,7
1570,张伊菲,7
1571,杨旭东,7
1572,张啸,7
1573,gyf,7
1574,佳应子,7
1575,彭一,7
1576,彭毅,7
1577,张代臣,7
1578,我自己也得,7
1579,郭磊,7
1580,沈洋,7
1581,何泳亮,7
1582,李锦,7
1583,李世军,7
1584,邓元胜,7
1585,彭玉虎,7
1586,三哥,7
1587,卢一凡,7
1588,张再隆,7
1589,黎佩琳,7
1590,林志诚,7
1591,吕钊松,7
1592,余lk同学,7
1593,真的要,7
1594,吴泽红,7
1595,罗可铭,7
1596,帅帅,7
1597,林贵荣,7
1598,驴蛋,7
1599,韩冬杰,7
1600,崔海锐,7
1601,周逸,7
1602,江润哲,7
1603,冯靖康,7
1604,钱勇,7
1605,芦吉丁,7
1606,李林宏,7
1607,韦宇,7
1608,杜世奇,7
1609,欢欢,7
1610,杰崽,7
1611,张现勇,7
1612,李继展,7
1613,叶卓昊,7
1614,聂小斐,7
1615,李辉注意,7
1616,张志鹏,7
1617,蔡铭,7
1618,毒硬币,7
1619,高冬,7
1620,杜瑜鹏,7
1621,杨松林,7
1622,吴文博,7
1623,孙鹏,7
1624,万子衡,7
1625,舒豪快,7
1626,于亮亮,7
1627,段智博,7
1628,郝文举,7
1629,丁文J,7
1630,陈李阳,7
1631,璇哥,7
1632,林和宏,7
1633,伍寒钰,7
1634,灵灵,7
1635,丁佳怡,7
1636,李杰,7
1637,王奥,7
1638,赵奇,7
1639,付振洋,7
1640,刘光杰,7
1641,陶玄宇,7
1642,弹幕的各位让我,7
1643,阿亮,7
1644,祁志同,7
1645,李栋林,7
1646,李哲,7
1647,陈竟文,7
1648,尚宇武钰,7
1649,胡琛,7
1650,谢家劲请,7
1651,刘俊杰,7
1652,王双双,7
1653,于博,7
1654,梁书赫,7
1655,袁梓林更要,7
1656,廖兴铭,7
1657,陈卓要,7
1658,郑哲宇,7
1659,张正裕,7
1660,文伟国,7
1661,安政硕,7
1662,张釦,7
1663,崔洪男,7
1664,某幻,7
1665,左泽藩,7
1666,谈一套,7
1667,廖顺喆,7
1668,林旭城,7
1669,廖晨宇,7
1670,王亚磊,7
1671,叶雨宸,7
1672,王逸晨,7
1673,韩益江,7
1674,庄源,7
1675,吴陈龙,7
1676,王帅,7
1677,果子摊,7
1678,冯彪,7
1679,妙可则,7
1680,安鹏,7
1681,张景瑞,7
1682,刘冬冬,7
1683,汪小飞,7
1684,孙宇航,7
1685,汪传武,7
1686,尹凤巢,7
1687,袁碧珩,7
1688,徐睿阳,7
1689,吴轲,7
1690,崔毅,7
1691,刘欣宇,7
1692,柳帅琪,7
1693,简瑞,7
1694,朱俊羿,7
1695,老总,7
1696,张泽庆,7
1697,周晓聪,7
1698,褚子阳,7
1699,淦哥,7
1700,蒋老爷,7
1701,蒋章锐,7
1702,陆明涛,7
1703,郭无扰,7
1704,张晓峰,7
1705,钱能,7
1706,徐海洲,7
1707,张纯讯,7
1708,姚宇辉,7
1709,吕浩,7
1710,陈宇杰,7
1711,洪利,7
1712,朱劲,7
1713,毛泽平,7
1714,赵俊伟,7
1715,何建,7
1716,xm哥哥,7
1717,徐航,7
1718,杂皮,7
1719,邵文,7
1720,明哥,7
1721,邱祖峰,7
1722,曹政华,7
1723,孙哲林,7
1724,元圆园,7
1725,元圆圆,7
1726,马悦恒,7
1727,老孙哪,7
1728,孙志新,7
1729,谭奇才,7
1730,薛文涛,7
1731,张金杰要,7
1732,魏健红,7
1733,陈俊杰,7
1734,周康,7
1735,刘林伟,7
1736,包登科,7
1737,牛铁鑫,7
1738,李子伟,7
1739,佩宏,7
1740,张浩钿,7
1741,胡亮,7
1742,王志新,7
1743,杜立康,7
1744,于耀麟,7
1745,苏凡昊,7
1746,宋旭强,7
1747,蒋开元,7
1748,马飞,7
1749,张恒源,7
1750,康晨熙,7
1751,陈广宇,7
1752,冯花花,7
1753,胡亚东,7
1754,张昌林,7
1755,王鹏飞,6
1756,周祥别看了,6
1757,周祥,6
1758,周翔别看了,6
1759,周翔,6
1760,阳灵,6
1761,王昊凇别看了,6
1762,王昊凇,6
1763,王震,6
1764,小莫,6
1765,田光林,6
1766,张嘉博,6
1767,yyf,6
1768,李伟,6
1769,王俊琛,6
1770,浩楠,6
1771,凌洪,6
1772,赵康,6
1773,孟庆扬,6
1774,周邵鹏,6
1775,罗奥,6
1776,金涛,6
1777,张浩洋,6
1778,王瑞,6
1779,曹子东,6
1780,纲目,6
1781,石乐乐,6
1782,张伯伦,6
1783,范朴文,6
1784,张晨松,6
1785,左健颖,6
1786,王安居,6
1787,靳法熠,6
1788,张贺怡,6
1789,陆柏鸿,6
1790,贾志文,6
1791,李俊龙,6
1792,薛磊,6
1793,袁镍,6
1794,徐英豪,6
1795,杨聪宇,6
1796,阿振,6
1797,聂宇鑫,6
1798,泉州经贸陈伟民,6
1799,杨博庆,6
1800,猪腰要,6
1801,唐铭鸿,6
1802,晗雨,6
1803,何林胜,6
1804,李根,6
1805,陈太明,6
1806,周广鸿要,6
1807,何志强,6
1808,杨创,6
1809,喻伟、郑裕斐不要看了,6
1810,潘浩东,6
1811,钟意德,6
1812,康文君,6
1813,王开骋,6
1814,张诗扬,6
1815,詹棚,6
1816,黄柏鑫,6
1817,沈超超,6
1818,黄肖肖,6
1819,小坪,6
1820,兰家鑫,6
1821,项振杰,6
1822,苏hb,6
1823,王kg,6
1824,李虎别看了,6
1825,段英杰,6
1826,许江涛,6
1827,黄冬冬,6
1828,杨文,6
1829,林腾翔,6
1830,唐韵然,6
1831,王宇辰,6
1832,吴永豪,6
1833,章鱼套,6
1834,蔡逸翰请,6
1835,陈嘉庚,6
1836,孙容达,6
1837,陈卓燃,6
1838,李泽春,6
1839,xcc,6
1840,刘梦磊,6
1841,托古,6
1842,国宾要,6
1843,崔龙一,6
1844,路畅通,6
1845,毛广祺,6
1846,陈小龙,6
1847,侯秀峰,6
1848,曹文祥,6
1849,常龙,6
1850,张博磊,6
1851,张金彪,6
1852,荣耀,6
1853,梁皓诚要,6
1854,老包,6
1855,刘沐雨,6
1856,柏晟,6
1857,王韵凯,6
1858,孙乾原,6
1859,赵伟,6
1860,李梦佳,6
1861,woc,6
1862,常超帅,6
1863,曹永晟,6
1864,这么多人,6
1865,黄照祥,6
1866,丁雨,6
1867,孙豪康,6
1868,李同鑫,6
1869,高岗,6
1870,严政帅,6
1871,扑该,6
1872,王桂彬,6
1873,周跃龙,6
1874,刘杰,6
1875,杨海玮,6
1876,圣剑,6
1877,李旭,6
1878,钱凯,6
1879,马国鑫马国鑫,6
1880,马国鑫,6
1881,张浩然,6
1882,轩子,6
1883,孙淼,6
1884,无良,6
1885,壮举,6
1886,樊季节,6
1887,吴严鑫,6
1888,徐沐实,6
1889,赵澈,6
1890,顿新龙,6
1891,易智祥,6
1892,杨作,6
1893,李文峰,6
1894,康凯,6
1895,李宗恒,6
1896,丘椿欣,6
1897,荆茂源,6
1898,苑善来,6
1899,张斯杰,6
1900,毛子荣,6
1901,梁思雨,6
1902,秦廉洁,6
1903,李劲滔,6
1904,邝绍轩,6
1905,老魏,6
1906,魏卡奥,6
1907,王伟国,6
1908,建儿,6
1909,将日天,6
1910,石正泽,6
1911,吴俊豪,6
1912,疾风,6
1913,路毅,6
1914,李国庆别再看了,6
1915,懋哥,6
1916,张允俊,6
1917,王鹏,6
1918,李文豪,6
1919,李富贵,6
1920,dig您,6
1921,dig,6
1922,dig您要,6
1923,刘建川曹自强,6
1924,姜子豪,6
1925,唐凯伟要,6
1926,王腾聪,6
1927,夏侯积仁,6
1928,张航宇,6
1929,郭苗淼,6
1930,丰昊坤,6
1931,余守国,6
1932,李东羼,6
1933,李简要,6
1934,西交邓滔,6
1935,申鹏要,6
1936,李文卿,6
1937,方文锦,6
1938,方文锦快,6
1939,王旭东,6
1940,李岩刚,6
1941,郭旭超,6
1942,伍紫洋,6
1943,廖赞,6
1944,陈德钦,6
1945,李帅翔,6
1946,孙威,6
1947,钱琪,6
1948,胡天祥,6
1949,阿辉,6
1950,胡谢聪,6
1951,高飞同志,6
1952,flx,6
1953,明飞,6
1954,何至立,6
1955,潘建华,6
1956,袁翔5,6
1957,臧延虎,6
1958,崔龙飞,6
1959,张广智,6
1960,丁海洋,6
1961,吴博文,6
1962,小虎要,6
1963,郑祥宝,6
1964,张卫健,6
1965,罗宁,6
1966,王康,6
1967,于子涵,6
1968,方yu,6
1969,姜子牙,6
1970,谢绪茂,6
1971,贺毅祯,6
1972,靳梅阳,6
1973,公冶宇珩,6
1974,黑哥,6
1975,张天乙,6
1976,黄嘉伟快,6
1977,吴海杰,6
1978,谢克坚,6
1979,子硕,6
1980,赵锦辉,6
1981,奥利给,6
1982,陈如森,6
1983,许新辉,6
1984,聂多海,6
1985,郭峰,6
1986,香蕉,6
1987,赵亮亮,6
1988,徐灿,6
1989,张俊龙,6
1990,尤志豪,6
1991,陈柯,6
1992,钱誉文,6
1993,张宸宇,6
1994,怎么都是,6
1995,段凡,6
1996,魏仁杰,6
1997,周龙,6
1998,平俊豪,6
1999,段宇豪,6
2000,王令杰,6
2001,史书臣,6
2002,每一位朋友都请,6
2003,俞晨曦,6
2004,祝杰铭,6
2005,苏佳泽,6
2006,廖维,6
2007,gyx,6
2008,LJY,6
2009,张龙,6
2010,淡,6
2011,李泽平,6
2012,夏XX,6
2013,许越圻,6
2014,吴军坤,6
2015,田晓鹏,6
2016,赵宗宇,6
2017,卷毛,6
2018,康康,6
2019,飞哥,6
2020,杨京璇,6
2021,祝然迪,6
2022,武文斌,6
2023,scd,6
2024,田未,6
2025,高祥涵,6
2026,刘凯,6
2027,陈中奇,6
2028,阿朱,6
2029,刘懿峰,6
2030,白俊贤,6
2031,董铖轩,6
2032,胡丽勇,6
2033,顾海涛,6
2034,黄俊琨,6
2035,畅吉吉,6
2036,莫斯,6
2037,赵世钰,6
2038,sxh,6
2039,炜煜,6
2040,114,6
2041,余东夏,6
2042,贾呈兴任震东,6
2043,龙俊杰,6
2044,张刘兵,6
2045,小雨,6
2046,王昊,6
2047,过万,6
2048,刘林伟同学,6
2049,申源,6
2050,杨开成,6
2051,温汉森,6
2052,罗皓熙,6
2053,齐高新,6
2054,栾浩洋,6
2055,钟汶锐,6
2056,董自远,6
2057,王帅节制点,6
2058,周泞科,6
2059,李嘉翔,6
2060,康凯敏,6
2061,梁鋆威,6
2062,LT,6
2063,钟云翔,6
2064,刘佳语,6
2065,张庆润,6
2066,韩宇阳,6
2067,崔天泽,6
2068,lsh,6
2069,黄欣,6
2070,p,6
2071,潘明宇,6
2072,成嘉宁,6
2073,欧阳奈,6
2074,赵阳,6
2075,于明川,6
2076,王子昕,6
2077,金忠伟,6
2078,王海如,6
2079,沙雕们,6
2080,尚晓光,6
2081,陆晶晶,6
2082,王圣斯,6
2083,孙际昊,6
2084,刘爱卿,6
2085,曾国强,6
2086,陈洪刚请注意的身体,6
2087,李卓然,6
2088,李宗轩,6
2089,徐佳汶,6
2090,赵旺涛要,6
2091,lixi,6
2092,洪厚俊,6
2093,胡晟宇,6
2094,桐桐,6
2095,刘子宽,6
2096,王世豪,6
2097,莫胜果,6
2098,普春淞,6
2099,阿祯,6
2100,彭玉程,6
2101,张异同,6
2102,吃夹心,6
2103,安综艺,6
2104,钟秦子山,6
2105,许庆宇,6
2106,张道华要,6
2107,董岩,6
2108,韦德杰,6
2109,曹狗,6
2110,郭旭辉,6
2111,王洋洋,6
2112,黄善雍,6
2113,陈浩然,6
2114,刘文龙,6
2115,许辉民把针,6
2116,邓振聪,6
2117,徐雄飞,6
2118,晓义,6
2119,邓志强,6
2120,史珍香,6
2121,同学们,6
2122,王鹏程,6
2123,范智超,6
2124,王帝,6
2125,王帝注意身体,6
2126,代hu威,6
2127,胡凯龙,6
2128,汪宁,6
2129,邹保珠,6
2130,张凯,6
2131,牛亮,6
2132,李亚辉,6
2133,lc,6
2134,吴宏,6
2135,毛明,6
2136,周瑞,6
2137,潘瑞,6
2138,殷嘉定,6
2139,刘浩,6
2140,赵万里,6
2141,韩宜鹏,6
2142,彤彤,6
2143,侯家伟,6
2144,吴建中,6
2145,番茄,6
2146,杨芃,6
2147,冯骁,6
2148,耿跃辉,6
2149,李业至,6
2150,吴文辉,6
2151,余永偲,6
2152,吕青山,6
2153,吕兴山,6
2154,周皓,6
2155,李玲,6
2156,王住鉴,6
2157,胡威,6
2158,孔令江,6
2159,石金刚,6
2160,赵天祜要,6
2161,风宝,6
2162,刘立伟,6
2163,郑海岳,6
2164,刘嘉霖,6
2165,张彬,6
2166,车灵威,6
2167,侯洋,6
2168,徐飞龙,6
2169,冯杰,6
2170,王晋禄,6
2171,导演,6
2172,哈子,6
2173,朱亚光,6
2174,苏鸿权,6
2175,阿伟,6
2176,韦景文,6
2177,朱梓博,6
2178,郑健,6
2179,吴杰,6
2180,张展鹏,6
2181,王振宇,6
2182,繁华,6
2183,薛赵彬文,6
2184,邱程,6
2185,张旺,6
2186,建议屏蔽xxx,6
2187,杨劼,6
2188,叶总,6
2189,张非凡,6
2190,陈东山,6
2191,钟明华,6
2192,海洋,6
2193,夏晓咸,6
2194,清清,6
2195,刘玉龙,6
2196,潘文凯,6
2197,张明,6
2198,邵岩,6
2199,丁毅男,6
2200,任杰,6
2201,廖文博,6
2202,蔡国威,6
2203,刘少威,6
2204,王天渊,6
2205,安晨鑫,6
2206,王佳俊,6
2207,孙晓宇,6
2208,陆松年,6
2209,陆总,6
2210,张诚,6
2211,何鑫,6
2212,郑小金,6
2213,常浩,6
2214,王智,6
2215,杨航,6
2216,韩亮,6
2217,张寒冰,6
2218,毛毛,6
2219,鲁恒要,6
2220,李明广,6
2221,林叶,6
2222,高晖,6
2223,李安铉,6
2224,邱学鑫,6
2225,张朝阳,6
2226,黄飞鸿,6
2227,孙念国,6
2228,徐鲍,6
2229,屈雷,6
2230,张天翼,6
2231,杨伟豪,6
2232,杨欣瑞,6
2233,朱文豪,6
2234,自然,6
2235,刘志伟,6
2236,王步云,6
2237,阿钱,6
2238,石庆涛,6
2239,徐国林,6
2240,渣雨佳,6
2241,0➕7,5
2242,翟璐璐,5
2243,高峰,5
2244,川普同志,5
2245,周洋宏,5
2246,向骞,5
2247,阳洋,5
2248,张正,5
2249,张铭坤,5
2250,沈兆宇,5
2251,龚业平,5
2252,王宏泰,5
2253,徐佳豪,5
2254,张凌瑞,5
2255,冷雨喆,5
2256,苏志铭,5
2257,黄海伟,5
2258,龚致远,5
2259,魏旭东,5
2260,曽熙颖,5
2261,张亦驰,5
2262,廖梦,5
2263,张塨,5
2264,任宗泽,5
2265,苏会涛,5
2266,刘海涛,5
2267,吴永灿,5
2268,包成康,5
2269,冬瓜强,5
2270,猪一样,5
2271,符骁远,5
2272,陈伟霆,5
2273,陈伟霆别看了,5
2274,子鹏,5
2275,王泽嘉,5
2276,周家成,5
2277,李恒,5
2278,塞文哥,5
2279,李鑫好,5
2280,刘雪文,5
2281,熊文海,5
2282,唐希瑞,5
2283,焦文洋,5
2284,魏傲哲,5
2285,曹申诚,5
2286,梁凯杰,5
2287,陈赛迪,5
2288,于宗慧,5
2289,孙哲,5
2290,纶霄,5
2291,许超,5
2292,老邵,5
2293,宋仕杰,5
2294,赵雨,5
2295,杨家祺,5
2296,袁海峰,5
2297,李敏士,5
2298,孟潇,5
2299,卢彦宗,5
2300,赵成振,5
2301,秦互刚,5
2302,王子聪,5
2303,欧启元,5
2304,刘坚,5
2305,龚勋,5
2306,马天,5
2307,强哥,5
2308,陈欣,5
2309,林剑,5
2310,pyj,5
2311,刘怀林刘怀林刘怀林刘怀林刘怀林刘怀林刘怀林刘怀林刘怀林刘怀林刘怀林刘怀林刘怀林刘怀林刘怀林刘怀林刘怀林,5
2312,徐海鹏,5
2313,尹佳豪,5
2314,卢胜,5
2315,易佳伟,5
2316,孔祥宇,5
2317,李府骏,5
2318,王帆,5
2319,赵豪,5
2320,zzj,5
2321,吉跃,5
2322,冯文宇,5
2323,张扬,5
2324,王连钊,5
2325,王世腾,5
2326,陈文浩,5
2327,何梁浩,5
2328,李泽阳,5
2329,方宇,5
2330,濑佳俊,5
2331,申凯瑞,5
2332,孙彬,5
2333,黄亮宏,5
2334,何敏杰,5
2335,何磊,5
2336,亮哥,5
2337,邱启智,5
2338,刘治宏,5
2339,河南滩的赵世奇,5
2340,赵世奇,5
2341,人计量,5
2342,赛宗盛,5
2343,耶稣,5
2344,赵顺哲,5
2345,吕高贤别看了,5
2346,吕高贤,5
2347,徐江南,5
2348,李仕鹏,5
2349,顾中原别看了,5
2350,顾中原,5
2351,陈睿别看了,5
2352,陈睿,5
2353,沙韬睿,5
2354,王猛,5
2355,张梓豪,5
2356,张肖,5
2357,张孟,5
2358,严梓鑫,5
2359,王甲强,5
2360,陈松,5
2361,姚志超,5
2362,程曦,5
2363,祎炜,5
2364,杨金国,5
2365,宋小熊,5
2366,306的洪一帆,5
2367,李彤赵振宇俩,5
2368,杨在金,5
2369,张文,5
2370,胡逸凡,5
2371,马亚琦,5
2372,宝贝,5
2373,鹏杰,5
2374,郭涛,5
2375,邵明达,5
2376,朱栋伟,5
2377,程光贤,5
2378,李显钦,5
2379,网管我知道在看,5
2380,马力,5
2381,刘江枫,5
2382,恩君,5
2383,曹辉,5
2384,冯俊杰,5
2385,林振远,5
2386,李文超,5
2387,任一飞,5
2388,高瑞,5
2389,小宇,5
2390,昱哥,5
2391,林城燃,5
2392,王裕榕,5
2393,张国庆,5
2394,曾平,5
2395,王庆祥,5
2396,肖帅男,5
2397,刘志煜,5
2398,王聪聪,5
2399,黄海峰,5
2400,岳宇鹏,5
2401,杨涵,5
2402,黄双龙,5
2403,jzk,5
2404,娄郝旭,5
2405,杨洪涛,5
2406,刘嘉伟,5
2407,温国廷,5
2408,董光民,5
2409,聂嘉德,5
2410,孙凌伟,5
2411,裴震,5
2412,陈昕晖,5
2413,胡高源,5
2414,史世强,5
2415,鹿文豪,5
2416,周向兰,5
2417,周子康,5
2418,史振越,5
2419,孙子超,5
2420,曲傲要,5
2421,皈依飞,5
2422,赵志远,5
2423,赵广怀,5
2424,欧建航,5
2425,欧建行,5
2426,孙涛,5
2427,袁政,5
2428,程辉,5
2429,郭锐,5
2430,黎宗泰,5
2431,黄梓浩,5
2432,于帅,5
2433,苗润雨,5
2434,薛海鹏,5
2435,文明,5
2436,古海洋,5
2437,古海洋注意身体啊,5
2438,罗哲,5
2439,王皓燃,5
2440,Cbb,5
2441,赵驰誉,5
2442,胡秀阁,5
2443,杨浥尘,5
2444,杨思豪,5
2445,吴亚星,5
2446,唐鹏,5
2447,石伟,5
2448,王亚栋,5
2449,周佳诺,5
2450,谢承昊,5
2451,王贤睿注意身体,5
2452,肖松月,5
2453,沈家烨,5
2454,朱子龙,5
2455,金佳豪,5
2456,杨宇航,5
2457,颜叙,5
2458,唐铃凯,5
2459,柯伟航,5
2460,钟映红,5
2461,王华,5
2462,邵祥龙,5
2463,吴滔,5
2464,房炫,5
2465,王勇东,5
2466,王中元,5
2467,刘明,5
2468,刘博涵,5
2469,孙刚,5
2470,天使,5
2471,王桂浩,5
2472,喻松,5
2473,潘创,5
2474,朱锁赐,5
2475,刘涵,5
2476,陶金,5
2477,王超杰,5
2478,许奔,5
2479,饶德令,5
2480,张丛飞,5
2481,李远,5
2482,李天泽,5
2483,心宇,5
2484,颜宁,5
2485,小杰,5
2486,吕正,5
2487,李竟成,5
2488,我自己要,5
2489,胡博仁,5
2490,刘佳c新,5
2491,天气这么冷,5
2492,尹怀发,5
2493,小兰,5
2494,汪子范,5
2495,韩明均,5
2496,王道勇,5
2497,刘光龙,5
2498,沼气龙,5
2499,余越,5
2500,肖安佳,5
2501,林耀东,5
2502,陈正伦,5
2503,凯羿,5
2504,姚正秋,4
2505,刘志祥,4
2506,O2,4
2507,曹建琦,4
2508,向效果,4
2509,酷狗,4
2510,苦逼,4
2511,章卓成,4
2512,陈佳超,4
2513,丁乔力,4
2514,神一样,4
2515,刘万俊,4
2516,陈剑龙,4
2517,裤哥,4
2518,里有,4
2519,李绍杰,4
2520,孙平,4
2521,陈先生,4
2522,叶嘉茂,4
2523,事成,4
2524,赵本山,4
2525,臧xx,4
2526,孙晓涵,4
2527,化学课代表,4
2528,马佳灿,4
2529,孙一峰矿那么多,4
2530,金熠杰,4
2531,德宝,4
2532,肖昕玮,4
2533,张少康,4
2534,黄德民,4
2535,黄建伟,4
2536,张志成,4
2537,吴非,4
2538,蔡高超,4
2539,孟庆德龙,4
2540,杜泽,4
2541,陈某人,4
2542,金蛋蛋,4
2543,老云,4
2544,杨智睿,4
2545,程骥城,4
2546,柴萧,4
2547,李启旺,4
2548,曹鄂安,4
2549,韦雲舰,4
2550,徐墨扬,4
2551,杜赟豪,4
2552,黄海宾,4
2553,梁开,4
2554,小蹲,4
2555,程兴炜,4
2556,王文,4
2557,刘昌瑞,4
2558,王樾,4
2559,俊林,4
2560,姜弘茂,4
2561,马化腾,4
2562,刘嘉琛,4
2563,梁培政,4
2564,欧金强,4
2565,胡志楠,4
2566,武孟柯,4
2567,佳伟,4
2568,杨海涛,4
2569,袁佳豪,4
2570,安俊源,4
2571,李嘉琪,4
2572,李永康,4
2573,贾康,4
2574,小裴,4
2575,杨城,4
2576,廖雨赫,4
2577,黄昌正,4
2578,秦子渊,4
2579,陈正鍊,4
2580,休息会,4
2581,涛涛,4
2582,任宇琦,4
2583,张园林,4
2584,封非凡,4
2585,小逼哥,4
2586,蒋涛,4
2587,王少鹏,4
2588,钟奕航,4
2589,张乔峰,4
2590,农民都,4
2591,何成成,4
2592,王愉成,4
2593,程明,4
2594,李思宇李琦,4
2595,张雨鑫,4
2596,吊杨晨,4
2597,黄远荣,4
2598,吴泽泉,4
2599,张群义,4
2600,pxj,4
2601,邵飞,4
2602,梁浩隆,4
2603,萧晓胜,4
2604,汪家洋,4
2605,万才华,4
2606,金杰,4
2607,郑和意,4
2608,宗永楠,4
2609,何流,4
2610,郝明旭,4
2611,刘宝鑫,4
2612,宝鑫,4
2613,纪家骏,4
2614,华文杰,4
2615,郑文杰,4
2616,鞠达丰,4
2617,曹健豪,4
2618,李浩楠,4
2619,柯导,4
2620,锡元,4
2621,万奎,4
2622,老郭,4
2623,吴洪彬,4
2624,谢优强,4
2625,孙游游,4
2626,何猛强,4
2627,张逸博,4
2628,刘怀林,4
2629,王宏臣,4
2630,戴家金,4
2631,章国尊别看,4
2632,赵宇翔,4
2633,高天龙,4
2634,邱云,4
2635,何伟东,4
2636,马加羊,4
2637,王飞,4
2638,戚福宇,4
2639,李小庆,4
2640,刘满园,4
2641,王睿,4
2642,全都,4
2643,李明吉,4
2644,黎志,4
2645,蔡振梁,4
2646,陈栋荣,4
2647,张佩宁,4
2648,柒志鑫,4
2649,陈嘉浩,4
2650,李恩才,4
2651,钟佳奇,4
2652,党坤,4
2653,徐德超,4
2654,田朝阳,4
2655,乔会彬,4
2656,陈浩,4
2657,申浩宇,4
2658,柳佳康,4
2659,刘佳康,4
2660,南洋,4
2661,邢凌剑,4
2662,李凯,4
2663,周宝军！,4
2664,渣男们,4
2665,郝笑帆,4
2666,于张宇！,4
2667,陈锻雯,4
2668,林一帆,4
2669,王鼎,4
2670,徐文凯,4
2671,牛加马,4
2672,李佩奇,4
2673,武君昊,4
2674,洪颖浚,4
2675,潘邦力,4
2676,谢成龙,4
2677,石硕,4
2678,杜鑫鑫,4
2679,贾任群,4
2680,任志非,4
2681,刘烨州,4
2682,刘恒,4
2683,陈硕,4
2684,唐春,4
2685,赵一楠,4
2686,胡秀健,4
2687,刘学强,4
2688,刘皇叔,4
2689,陈辞,4
2690,刘宇,4
2691,芮明杨,4
2692,陈梓伟,4
2693,周天运,4
2694,徐晨阳,4
2695,xyq,4
2696,将春瑞,4
2697,赵志广,4
2698,沈鑫,4
2699,郭子阳,4
2700,方丈,4
2701,周琳舒,4
2702,张镓奇,4
2703,占尚文,4
2704,卧槽,4
2705,戴昊杰,4
2706,马鹏程,4
2707,况圣祥,4
2708,桂湘,4
2709,钟哥,4
2710,张鸿彬,4
2711,金霄,4
2712,姚鑫宇,4
2713,陈新我知道在,4
2714,任宇翔,4
2715,邵同,4
2716,这些,4
2717,胡奕帆,4
2718,李军,4
2719,韩子齐,4
2720,邢诚,4
2721,易烊千玺,4
2722,郭世栋,4
2723,铁万江,4
2724,吴尘,4
2725,柏俊杰,4
2726,尚洪磊,4
2727,单腾,4
2728,华农洪琨鸿,4
2729,王新杰,4
2730,刘小锐,4
2731,李国洋,4
2732,王继平,4
2733,高艺萌,4
2734,卿羽铭,4
2735,高浩格,4
2736,刘海英,4
2737,李少峰,4
2738,贾鑫,4
2739,段龙飞,4
2740,黄振宇,4
2741,张傲君,4
2742,孟宇轩,4
2743,彭程远,4
2744,马敏,4
2745,蔡思春,4
2746,高照恒,4
2747,何海洋,4
2748,赵晓东,4
2749,李文竞,4
2750,周易,4
2751,我也,4
2752,95,4
2753,张静硕,4
2754,申长锦,4
2755,张博女,4
2756,王松涛,4
2757,靳鹏,4
2758,李致君,4
2759,王鹏宇请,4
2760,xyx,4
2761,徐云翔,4
2762,侯宇哲,4
2763,谢洋,4
2764,刘延,4
2765,胡博恩,4
2766,summer,4
2767,邢贺,4
2768,杨捷,4
2769,鲲鲲,4
2770,王威,4
2771,周锦强,4
2772,老袁,4
2773,吴亦凡,4
2774,吴森平,4
2775,蔡徐坤们,4
2776,宋小宝,4
2777,张栋宇,4
2778,why,4
2779,李科璇王昊俩,4
2780,zpz,4
2781,周昕,4
2782,重播了二十次终于,4
2783,谭述杰,4
2784,吴峰,4
2785,杨何彬,4
2786,范皓宁,4
2787,孔子霄,4
2788,周峰,4
2789,周晓豪,4
2790,林明,4
2791,杨义伟,4
2792,罗建川,4
2793,小王同学,4
2794,吴朝丰,4
2795,于泽强,4
2796,潘志超,4
2797,李三平,4
2798,林良浩,4
2799,孙毅诚,4
2800,杨浩楠,4
2801,杜世乐,4
2802,九条,4
2803,邵如欧,4
2804,子竞,4
2805,谢古风,4
2806,王明委,4
2807,蒋鹏,4
2808,于昊,4
2809,焦恩俊,4
2810,肖桐,4
2811,吴桐别看了,4
2812,吴桐,4
2813,刘国生,4
2814,刘国生注意身体,4
2815,gy,4
2816,池锦鹏,4
2817,任锦杰,4
2818,梁正,4
2819,刘爽,4
2820,龚国堂,4
2821,张永杰‘,4
2822,李智超,4
2823,甄远鑫,4
2824,王虎,4
2825,周建林,4
2826,张宸晓咱,4
2827,张宸晓咱注意身体,4
2828,张宸晓,4
2829,张宸晓注意身体,4
2830,介入,4
2831,王韩杰,4
2832,林相如,4
2833,王靖宇,4
2834,陈华儿,4
2835,啊鹏,4
2836,将爽,4
2837,廖英杰,4
2838,张庭瑞,4
2839,王俊凯,4
2840,徐铭,4
2841,杨光达,4
2842,王天昊,4
2843,张炯,4
2844,彭晓东,4
2845,wqs,4
2846,陆建业,4
2847,周博,4
2848,魏建航,4
2849,宋国,4
2850,硕磊,4
2851,郭融浩,4
2852,马佳乐,4
2853,孙浩奇,4
2854,家豪,4
2855,余鹏磊,4
2856,陈鹏,4
2857,凌天泽,4
2858,丁哥,4
2859,张天宇,4
2860,欧远泽,4
2861,吴秋蝉,4
2862,邓越,4
2863,孟达,4
2864,高昆豪,4
2865,陈嘉欣,4
2866,wwt,4
2867,龚水平,4
2868,陈流涛要,4
2869,孙升升,4
2870,森逼疙瘩,4
2871,熊一,4
2872,王江涛,4
2873,李嘉兴,4
2874,沈兰晓同学,4
2875,程凌飞,4
2876,朱莉娜,4
2877,李弘毅,4
2878,郑铭洋,4
2879,覃康帅,4
2880,李明阳,4
2881,唐可鉴,4
2882,李天昊,4
2883,王瀚锋,4
2884,官震,4
2885,程稳,4
2886,包玉卓,4
2887,张斌,4
2888,朱家义,4
2889,裴振邦,4
2890,hzy,3
2891,王一迪,3
2892,陈欧,3
2893,徐一钦,3
2894,显德,3
2895,杨洋,3
2896,陈健,3
2897,陈芊宇,3
2898,谢子明,3
2899,迟海瑞,3
2900,沈祥昊,3
2901,余小锋,3
2902,李铭,3
2903,胡学信,3
2904,廖杰,3
2905,姜鑫,3
2906,李千乐,3
2907,林俊,3
2908,焦鹏浩,3
2909,钟士明,3
2910,沈文杰,3
2911,王海云,3
2912,王传中,3
2913,张安斌,3
2914,孔俊义,3
2915,曹蓉妃,3
2916,聊秒,3
2917,陈艨宇,3
2918,操舒亚,3
2919,家宁,3
2920,自动化学院智能1904。的赵宇航,3
2921,韩帅,3
2922,郭富城,3
2923,孙林杰,3
2924,陈晓,3
2925,庞如一。,3
2926,任可翊,3
2927,李东,3
2928,姜军,3
2929,张涵超！,3
2930,李怡霏,3
2931,周飞,3
2932,邓狗,3
2933,浩源,3
2934,王实翔,3
2935,张瑞杨,3
2936,李泽昊,3
2937,陈炅,3
2938,国庆,3
2939,刘烨武,3
2940,田雨,3
2941,叶毅,3
2942,郭启x,3
2943,张秀功,3
2944,雷洵,3
2945,蔡子轩,3
2946,孙明旭,3
2947,李相成,3
2948,黄家豪,3
2949,尹发宅,3
2950,杨家希,3
2951,张翰卓,3
2952,张新念,3
2953,王世昌,3
2954,朱轩宇,3
2955,我的几百个兄弟,3
2956,黄kf,3
2957,刘俊,3
2958,杜宏伟,3
2959,闵旭东,3
2960,冯柏麟,3
2961,张观宝,3
2962,狗子,3
2963,李思龙,3
2964,葛皓天,3
2965,方轶骏,3
2966,丁美妮,3
2967,刘开,3
2968,周焱,3
2969,毛禹,3
2970,张怡帆,3
2971,卢俊宇,3
2972,吕明浩,3
2973,罗志阳,3
2974,刘源,3
2975,赵光泽,3
2976,王钦粤,3
2977,刘昊杰,3
2978,翟曦,3
2979,何秉宸,3
2980,邓兴宇,3
2981,李纸路,3
2982,李俊锐,3
2983,彭灿别看了,3
2984,彭灿,3
2985,粟鹏文,3
2986,王皓圆,3
2987,任浩博,3
2988,翟小花,3
2989,老翔,3
2990,张房明,3
2991,陆亮,3
2992,牛奥归,3
2993,吕良珂,3
2994,洛杉矶周子程,3
2995,吴越龙,3
2996,房mq,3
2997,郭军帅,3
2998,蒋忆川,3
2999,孟亚宁,3
3000,马威,3
3001,贺家林,3
3002,晓东,3
3003,张梅,3
3004,李青峰,3
3005,柏轩,3
3006,汪子扬,3
3007,李凌冰,3
3008,刘东华,3
3009,陈晟杰,3
3010,泽帆,3
3011,司强,3
3012,黄佳乐,3
3013,阿宁把的针,3
3014,李建发请,3
3015,在座的各位都,3
3016,何宇轩,3
3017,李威,3
3018,赵雁冰,3
3019,陈纯,2
3020,殷乐,2
3021,舒天伟,2
3022,吴忻锐,2
3023,于子洋,2
3024,唐敏奇,2
3025,小老弟,2
3026,王祺,2
3027,蔡受权,2
3028,吴挺墩,2
3029,董兴武,2
3030,李一凡,2
3031,韩宜兴,2
3032,戴猩,2
3033,薛冰,2
3034,林佳齐,2
3035,李宣成,2
3036,周浩,2
3037,刘若愚,2
3038,刘伟,2
3039,陈昊,2
3040,孙永振,2
3041,唐郁林,2
3042,建忠,2
3043,范上平,2
3044,欧阳逍,2
3045,杨旭,2
3046,蔡国伦,2
3047,叶海帆,2
3048,袁英杰,2
3049,叶心,2
3050,袁芦新,2
3051,姚计涛,2
3052,周治宏,2
3053,王宏鑫,2
3054,龚晖雄,2
3055,曹一凡,2
3056,刘老二,2
3057,李白,2
3058,黄春旭,2
3059,刘洪坤,2
3060,印家希,2
3061,黄文韬,2
3062,殷梁佺,2
3063,唐浩辉,2
3064,陈竹,2
3065,黄芋圆,2
3066,林震宇,2
3067,潘祥祥,2
3068,韩宝磊,2
3069,常佳伟,2
3070,杨毅,2
3071,刘晓宇,2
3072,陈曦,2
3073,曾永泰,2
3074,冯煦,2
3075,郭树峰,2
3076,李杭,2
3077,江宏弟,2
3078,尹振涛,2
3079,周斌,2
3080,马志强,2
3081,丁嘉伟,2
3082,陈常松,2
3083,胡颖峰,2
3084,付崇霖,2
3085,范武彬,2
3086,丁伟晨,2
3087,gyp,2
3088,唐嘉禾,2
3089,麦学钊,2
3090,普京,2
3091,曹莉明,2
3092,王琪,2
3093,杜汝能,2
3094,张嘉一,2
3095,杜鹏举,2
3096,郑玉龙,2
3097,周想,2
3098,王智博,2
3099,沈鹏,2
3100,康张聪,2
3101,关天毅,2
3102,任翔宇,2
3103,高铭远,2
3104,徐浩,2
3105,刘成龙,2
3106,杨淋淇,2
3107,易浩然,2
3108,叶县张磊老师,2
3109,周畅,2
3110,苏如翔,2
3111,桓儿,2
3112,魏明,2
3113,刘嘉豪,2
3114,罗红,2
3115,沈子月,2
3116,廉会凉,2
3117,彭湃,2
3118,杨峰,2
3119,带帅比,2
3120,李泓利,2
3121,李恒惕叫,2
3122,李恒惕,2
3123,黄俊奕,2
3124,董斯嘉,2
3125,鹏哥,2
3126,邱英豪,2
3127,hjw,2
3128,曾超,2
3129,徐永章,2
3130,丁一,2
3131,赵浩辰,2
3132,王宁,2
3133,陈德辉,2
3134,张晓宇,2
3135,申宇涵,2
3136,黄贝,2
3137,姜至亨,2
3138,们,2
3139,张厚阳,2
3140,吴云龙,2
3141,肖骁,2
3142,沈敦喜,2
3143,他很,2
3144,长恨,2
3145,豆昆昆,2
3146,吉良吉影,2
3147,孙正超,2
3148,在柳州的阎翔请,2
3149,丁树彬,2
3150,过气,2
3151,渣男郝成斌,2
3152,舒浩清,2
3153,张晨晖,2
3154,严强,1
3155,黄家强,1
3156,马牛逼,1
3157,chd2403李琦,1
3158,永祥,1
3159,黄文鑫,1
3160,李阳光,1
3161,吕程,1
3162,叶丰玮,1
3163,魏祥林,1
3164,杨泽林,1
3165,胡鸣乐,1
3166,莫婉婉,1
3167,黄榆,1
3168,王泽楷,1
3169,头铁,1
3170,刘博文,1
3171,麦海刚,1
3172,顾梓凯,1
3173,黄文锋林泽鹏黄振兴,1
3174,何颂,1
3175,张蒙恩,1
3176,田欢欢,1
3177,黄家辉,1
3178,孔繁星,1
3179,吴廷昊,1
3180,陈佳鑫,1
3181,渣男其,1
3182,武队长,1
3183,林家棋,1
3184,针线活请,1
3185,程功,1
3186,田雷鸣,1
3187,精华君,1
3188,郭志杰,1
3189,周宜松,1
3190,陶佩谦,1
3191,老温累,1
3192,温磊,1
3193,LJZ,1
3194,王周誉,1
3195,白世阳,1
3196,施健,1
3197,魏志康,1
3198,赖志忠,1
3199,观海,1
3200,刘乐乐,1
3201,张雅歌,1
3202,巫涛,1
3203,韩金威,1
3204,刘开伟,1
3205,@孙一峰,1
3206,毛鑫阳,1
3207,危颖超,1
3208,李春鹏,1
3209,钟意,1
3210,上海电机学院的张飞叔叔别看了,1
3211,上海电机学院的张飞叔叔,1
3212,孟凡龙,1
3213,高富帅,1
3214,z文鑫,1
3215,谢江,1
3216,刘袁海,1
3217,余前旺,1
3218,水朋朋,1
3219,余佳豪,1
3220,高伟航,1
3221,陈楚歌,1
3222,lsj,1
3223,韩静涛,1
3224,托老师,1
3225,们这些小牙签就,1
3226,突击性,1
3227,老盛,1
3228,余永超,1
3229,吕建雄,1
3230,豪猪,1
3231,李麟飞,1
3232,张月伟,1
3233,李海洋,1
3234,曲豪杰,1
3235,岳云鹏,1
3236,徐驰,1
3237,许鼎,1
3238,李学慧,1
3239,胡正翔,1
3240,陈水易,1
3241,任海涛,1
3242,皮皓文,1
3243,阿宽,1
3244,郁敬康,1
3245,徐礼明,1
3246,王会明,1
3247,林秉哲,1
3248,程达,1
3249,陈汉侗,1
3250,金志雄,1
3251,魏志华,1
3252,刘宏基,1
3253,姜超,1
3254,庞文志,1
3255,杨景杰,1
3256,木瓜,1
3257,冉德猛,1
3258,吴志敏,1
3259,熊军祺,1
3260,刘明鑫,1
3261,袁纸杰,1
3262,戴金龙,1
3263,黄浩,1
3264,朱科金,1
3265,陈隽楠,1
3266,王佐灿,1
3267,王斌巨,1
3268,赵昱昊,1
3269,叶森川,1
3270,艾成名,1
3271,徐子杨,1
3272,许凌浩,1
3273,吴楠,1
3274,一文,1
3275,郭俊昊,1
3276,70716的王佳琪,1
3277,孔凡森,1
3278,阳俊文,1
3279,丁帅,1
3280,菜涛,1
3281,陈嘉俊,1
3282,石中玉,1
3283,高宁,1
3284,杨贤声,1
3285,赵君逸,1
3286,袁勇,1
3287,周铠峰,1
3288,神奇海螺,1
3289,郝泽霖,1
3290,程程,1
3291,子航,1
3292,孟伟,1
3293,杨伦,1
3294,赵建军,1
3295,刘子轩,1
3296,赵健行,1
3297,刘建,1
3298,张帅通,1
3299,逸浪,1
3300,何永康,1
3301,李彤,1
3302,何锐全,1
3303,金金,1
3304,吴肇兴,1
3305,蒋明杰,1
3306,刘备,1
3307,黎秋,1
3308,马帅,1
3309,黄浩乐,1
3310,沈智键,1
3311,太原理工吴星亮,1
3312,袁广,1
3313,赖志恒,1
3314,徐贤,1
3315,老歪,1
3316,海哥,1
3317,洪启皓,1
3318,李彬,1
3319,彭圣虎,1
3320,黄显翔,1
3321,袁申,1
3322,韩云聪,1
3323,范兴频,1
3324,陈静,1
3325,钟永龙,1
3326,李跃群,1
3327,曹延旭,1
3328,庞力源,1
3329,王子航,1
3330,张鑫宇,1
3331,吕铁峰,1
3332,李墨,1
3333,马犇,1
3334,zbt,1
3335,袁宵,1
3336,杜杰,1
3337,阿正,1
3338,卢川荣,1
3339,王堃,1
3340,dfs,1
3341,kdf,1
3342,刘谢,1
3343,洪伟,1
3344,李新龙李新龙,1
3345,韦能斌,1
3346,裘建宇,1
3347,狗贼,1
3348,刘晓东,1
3349,肖赛赛,1
3350,李悦,1
3351,马达,1
3352,陈世源,1
3353,赵江,1
3354,文宇佳,1
3355,张豪,1
3356,宋昊,1
3357,张西康,1
3358,况童,1
3359,杨宝龙,1
3360,乔治,1
3361,张轩,1
3362,弘毅,1
3363,王家梁,1
3364,马明宇,1
3365,付钧泽,1
3366,王佳楠,1
3367,韩政新,1
3368,罗汉,1
3369,炳强,1
3370,姜盼,1
3371,许先锋,1
3372,lliweiquan,1
3373,尚志豪,1
3374,dalao,1
3375,翟嘉毅,1
3376,汪祉祺,1
3377,邱峰,1
3378,林亮旭,1
3379,古总,1
3380,何哲洋我知道在,1
3381,许中付,1
3382,邹建,1
3383,张逸凡,1
3384,二狗,1
3385,谭锭涛,1
3386,熊李傲曌,1
3387,杨威威,1
3388,黄维,1
3389,赵士达,1
3390,小鑫,1
3391,谢思来,1
3392,吴威,1
3393,张修武,1
3394,袁伟民,1
3395,郑润民,1
3396,赵继承,1
3397,王杰,1
3398,裴知衡,1
3399,苏ming豪,1
3400,王强,1
3401,董俊,1
3402,王伟哲,1
3403,左耀宇,1
3404,王德志,1
3405,夏众希,1
3406,孟昌,1
3407,王富豪,1
3408,sch,1
3409,李逸帆,1
3410,凯蓬,1
3411,赵凌锋,1
3412,梁振坤,0
3413,nzz,0
3414,岑畅,0
3415,赵志禹,0
3416,瞿俞楠,0
3417,姜欣宇,0
3418,王铭,0
3419,丁锤子,0
3420,谢昊颖,0
3421,沈鸣,0
3422,李楷文,0
3423,陈尧,0
3424,黄坤,0
3425,蒙多利亚chat哥,0
3426,董狗,0
3427,杨峥,0
3428,李明泽,0
3429,李名泽,0
3430,xiaohu,0
3431,袁良伟,0
3432,林嘉奇,0
3433,领假期,0
3434,张罗俊,0
3435,曹予睿,0
3436,危正,0
3437,宫光耀,0
3438,王仡,0
3439,张珂,0
3440,赵丹阳,0
3441,凌佳琪,0
3442,小张驰,0
3443,李君怡,0
3444,韩孟甫,0
3445,左鹏,0
3446,毛巧玲,0
3447,胡峻皓,0
3448,洪哲韬,0
3449,张朔,0
3450,郝麟翔,0
3451,童卓,0
3452,林泽锡,0
3453,王涧清,0
3454,郑志强,0
3455,狗熊,0
3456,万豪杰,0
3457,张晨晨,0
3458,张欣,0
3459,罗家伦,0
3460,杨浩,0
3461,梁靖康,0
3462,章锦伦,0
3463,陈玉海,0
3464,尚亚楠,0
3465,游戏开了路明非,0
3466,hc,0
3467,沃旭,0
3468,刘东炜,0
3469,乔启航,0
3470,李佳奇,0
3471,黄宇建,0
3472,刘宇亮,0
3473,陈天0,0
3474,霍皓远,0
3475,黄锐哥哥,0
3476,王春贺,0
3477,杨焱哲,0
3478,吴渊博,0
3479,刘剑秋,0
3480,黄浩伟,0
3481,ylj,0
3482,叶亿帆,0
3483,石鈺,0
3484,hyy,0
3485,hx,0
3486,余城东,0
3487,刘高阳,0
3488,单财进,0
3489,孔令君,0
3490,赵鹏,0
3491,廖铮,0
3492,陈建锡,0
3493,李昊,0
3494,李浩,0
3495,杜嘉欣,0
3496,栋梁,0
3497,赖欣,0
3498,郭柯宇,0
3499,艾鑫,0
3500,金天赐,0
3501,合金弹头,0
3502,孔令胜,0
3503,何高盛,0
3504,董伟,0
3505,许诺,0
3506,茹文博,0
3507,俞俊炀,0
3508,有妹,0
3509,我老婆,0
3510,孙德昭,0
3511,翟浩丞,0
3512,韩浩天,0
3513,郜亚雄！,0
3514,秦俊,0
3515,马致远,0
3516,乔子瑜,0
3517,周帅,0
3518,张继中,0
3519,天意,0
3520,林志远,0
3521,钟鑫涛,0
3522,唐彬程,0
3523,李沧海,0
3524,张洪译,0
3525,王梓翰,0
3526,HZQ,0
3527,刘骏杰,0
3528,王思成,0
3529,张宇帆,0
3530,陈泽宇,0
3531,周文龙,0
3532,贺耀,0
3533,彭老板,0
3534,蒋健,0
3535,詹恒达,0
3536,干天宇,0
3537,罗睿,0
3538,赖垚,0
3539,斌斌要,0
3540,赵振江,0
3541,杰少,0
3542,蒙邵业,0
3543,李博扬,0
3544,贾莹博,0
3545,李朋林,0
3546,王翠玺,0
3547,徐振东,0
3548,朱同,0
3549,王学阳,0
3550,莫沁霖,0
3551,谢红,0
3552,左晓雪,0
3553,王迪,0
3554,Zzr,0
3555,金凯,0
3556,0+7赶紧回家,0
3557,Ttx,0
3558,wyf,0
3559,通子哥,0
3560,linjiaqi,0
3561,陈浩文,0
3562,常中凯,0
3563,吴晨曦,0
3564,韩佳明,0
3565,针线活,0
3566,哥,0
